"","baseMean","Both_Mean","resistant_Mean","sensitive_Mean","log2FoldChange","FC","lfcSE","stat","pvalue","padj","chrom","strand","left","right","symbol","name","location"
"ENSG00000187608",3401.435,3401.435,762.563,6040.307,-2.986,0.126,0.768799586158216,-3.88361936631708,0.000102912972841965,0.0261631707835826,"1","+",1001137,1014541,"ISG15","ISG15 ubiquitin-like modifier [Source:HGNC Symbol;Acc:HGNC:4053]","1:1001137-1014541"
"ENSG00000280114",6.671,6.671,12.233,1.109,3.35,10.194,0.861641722422231,3.88745667141041,0.000101300062764115,0.0261631707835826,"1","-",16681096,16688749,"AL021920.2","","1:16681096-16688749"
"ENSG00000117148",71.055,71.055,0.442,141.669,-8.342,0.003,1.66773004327025,-5.00227765236279,5.66569106435621e-07,0.000849003805993778,"1","+",17755312,17827063,"ACTL8","actin like 8 [Source:HGNC Symbol;Acc:HGNC:24018]","1:17755312-17827063"
"ENSG00000126709",8768.7,8768.7,2240.997,15296.403,-2.771,0.147,0.734310258437007,-3.77356342845213,0.000160932279506106,0.0375133143528734,"1","-",27666060,27672218,"IFI6","interferon alpha inducible protein 6 [Source:HGNC Symbol;Acc:HGNC:4054]","1:27666060-27672218"
"ENSG00000184007",8639.076,8639.076,5359.874,11918.278,-1.153,0.45,0.244500911477472,-4.71536483438884,2.41278023124872e-06,0.00228942228704117,"1","-",31906420,31919483,"PTP4A2","protein tyrosine phosphatase type IVA, member 2 [Source:HGNC Symbol;Acc:HGNC:9635]","1:31906420-31919483"
"ENSG00000117472",3240.824,3240.824,4887.84,1593.808,1.617,3.067,0.403770104629902,4.00430199158272,6.22008648330636e-05,0.0186415991904692,"1","+",46175072,46185298,"TSPAN1","tetraspanin 1 [Source:HGNC Symbol;Acc:HGNC:20657]","1:46175072-46185298"
"ENSG00000142871",5022.083,5022.083,8700.44,1343.725,2.695,6.475,0.637534950642436,4.22692199066935,2.36909754420361e-05,0.00994025947596952,"1","+",85580760,85583962,"CYR61","cysteine rich angiogenic inducer 61 [Source:HGNC Symbol;Acc:HGNC:2654]","1:85580760-85583962"
"ENSG00000196754",797.696,797.696,343.842,1251.549,-1.864,0.275,0.446799026798761,-4.17214975447033,3.01739206002598e-05,0.0117225681532009,"1","-",153561107,153565865,"S100A2","S100 calcium binding protein A2 [Source:HGNC Symbol;Acc:HGNC:10492]","1:153561107-153565865"
"ENSG00000163362",929.041,929.041,295.361,1562.721,-2.404,0.189,0.409165348733039,-5.87524468629638,4.22219233162173e-09,1.77154745850185e-05,"1","+",200891047,200899538,"INAVA","innate immunity activator [Source:HGNC Symbol;Acc:HGNC:25599]","1:200891047-200899538"
"ENSG00000163485",651.139,651.139,114.173,1188.104,-3.381,0.096,0.918155232132361,-3.68195706863946,0.00023145039213488,0.049046442187855,"1","+",203090653,203167404,"ADORA1","adenosine A1 receptor [Source:HGNC Symbol;Acc:HGNC:262]","1:203090653-203167404"
"ENSG00000263528",560.768,560.768,173.017,948.52,-2.454,0.183,0.458319782803482,-5.35391046979481,8.60734606543684e-08,0.000190064220209034,"1","+",206470475,206478297,"IKBKE","inhibitor of nuclear factor kappa B kinase subunit epsilon [Source:HGNC Symbol;Acc:HGNC:14552]","1:206470475-206478297"
"ENSG00000183814",381.26,381.26,228.593,533.927,-1.221,0.429,0.315665913948333,-3.86912654955919,0.000109225942242853,0.0269582475566214,"1","-",226231148,226309172,"LIN9","lin-9 DREAM MuvB core complex component [Source:HGNC Symbol;Acc:HGNC:30830]","1:226231148-226309172"
"ENSG00000143772",1366.117,1366.117,749.132,1983.101,-1.404,0.378,0.312193110983989,-4.4977528380504,6.86754673717792e-06,0.00514550939283056,"1","-",226631689,226737458,"ITPKB","inositol-trisphosphate 3-kinase B [Source:HGNC Symbol;Acc:HGNC:6179]","1:226631689-226737458"
"ENSG00000059728",523.216,523.216,388.977,657.454,-0.757,0.592,0.185122556371056,-4.09014742427225,4.31099083706227e-05,0.0148262748804474,"2","+",69897687,69938259,"MXD1","MAX dimerization protein 1 [Source:HGNC Symbol;Acc:HGNC:6761]","2:69897687-69938259"
"ENSG00000115602",45.182,45.182,89.844,0.521,7.415,170.657,1.59191413830013,4.65788451882728,3.19475327560384e-06,0.00257779726803435,"2","+",102311501,102352037,"IL1RL1","interleukin 1 receptor like 1 [Source:HGNC Symbol;Acc:HGNC:5998]","2:102311501-102352037"
"ENSG00000144063",5147.114,5147.114,9872.824,421.405,4.55,23.426,0.985162661292494,4.61856729954252,3.86398661434636e-06,0.00300231759934712,"2","-",110083869,110116566,"MALL","mal, T-cell differentiation protein like [Source:HGNC Symbol;Acc:HGNC:6818]","2:110083869-110116566"
"ENSG00000282304",362.84,362.84,702.945,22.736,4.949,30.896,1.05712910686998,4.68188347431404,2.84251054195592e-06,0.00238532114638773,"2","+",110245590,110285856,"AC140479.5","","2:110245590-110285856"
"ENSG00000236449",23.938,23.938,47.305,0.571,6.402,84.58,1.68402815571623,3.80174212613171,0.000143682231235263,0.0338686463942088,"2","+",174547140,174774827,"AC010894.3","","2:174547140-174774827"
"ENSG00000187094",52.628,52.628,100.646,4.609,4.424,21.469,1.0180303045403,4.34580949440573,1.3876296454783e-05,0.00727777058312233,"3","-",42257824,42264903,"CCK","cholecystokinin [Source:HGNC Symbol;Acc:HGNC:1569]","3:42257824-42264903"
"ENSG00000114480",1730.266,1730.266,2891.232,569.301,2.344,5.078,0.584509417109096,4.01071930771935,6.05340426194647e-05,0.0184049808712138,"3","-",81489698,81762161,"GBE1","1,4-alpha-glucan branching enzyme 1 [Source:HGNC Symbol;Acc:HGNC:4180]","3:81489698-81762161"
"ENSG00000271856",120.681,120.681,13.389,227.972,-4.085,0.059,1.04025743474289,-3.92732716242964,8.58951051266432e-05,0.0237104396112085,"3","+",108125820,108138610,"LINC01215","long intergenic non-protein coding RNA 1215 [Source:HGNC Symbol;Acc:HGNC:49651]","3:108125820-108138610"
"ENSG00000138271",326.561,326.561,621.723,31.399,4.308,19.809,1.17370195418852,3.67053545643835,0.000242042890254903,0.0498244033979181,"3","-",151294085,151295284,"GPR87","G protein-coupled receptor 87 [Source:HGNC Symbol;Acc:HGNC:4538]","3:151294085-151295284"
"ENSG00000168811",173.438,173.438,324.104,22.773,3.833,14.252,0.814293417929627,4.70731796251779,2.50997247733194e-06,0.00228942228704117,"3","+",159988749,159996012,"IL12A","interleukin 12A [Source:HGNC Symbol;Acc:HGNC:5969]","3:159988749-159996012"
"ENSG00000248360",42.227,42.227,83.154,1.301,5.972,62.775,1.60607460500386,3.71845395363403,0.000200445820312133,0.0438036756700858,"4","-",14470464,14888169,"LINC00504","long intergenic non-protein coding RNA 504 [Source:HGNC Symbol;Acc:HGNC:43555]","4:14470464-14888169"
"ENSG00000157765",10847.417,10847.417,5485.24,16209.593,-1.563,0.338,0.245725653803395,-6.36193684862326,1.99225358064468e-10,1.39318292894483e-06,"4","+",25655300,25666240,"SLC34A2","solute carrier family 34 member 2 [Source:HGNC Symbol;Acc:HGNC:11020]","4:25655300-25666240"
"ENSG00000091490",3173.052,3173.052,2114.656,4231.449,-1.001,0.5,0.2574258429273,-3.88892360835679,0.000100689802391689,0.0261631707835826,"4","-",25747426,25862959,"SEL1L3","SEL1L family member 3 [Source:HGNC Symbol;Acc:HGNC:29108]","4:25747426-25862959"
"ENSG00000189157",115.324,115.324,201.894,28.754,2.807,6.998,0.736333769354216,3.81206761237387,0.000137809165595363,0.0328533918752855,"4","+",76214039,76283780,"FAM47E","family with sequence similarity 47 member E [Source:HGNC Symbol;Acc:HGNC:34343]","4:76214039-76283780"
"ENSG00000163629",443.618,443.618,153.031,734.206,-2.261,0.209,0.510739569363224,-4.42748023640514,9.5340305074139e-06,0.00625045081296988,"4","+",86594314,86815157,"PTPN13","protein tyrosine phosphatase, non-receptor type 13 [Source:HGNC Symbol;Acc:HGNC:9646]","4:86594314-86815157"
"ENSG00000182168",78.509,78.509,5.77,151.248,-4.695,0.039,1.10219853475834,-4.25987250702264,2.04543542467129e-05,0.00913004037748488,"4","-",95162503,95549206,"UNC5C","unc-5 netrin receptor C [Source:HGNC Symbol;Acc:HGNC:12569]","4:95162503-95549206"
"ENSG00000248144",44.066,44.066,1.624,86.507,-5.716,0.019,1.295399514337,-4.41251166479106,1.02178287615164e-05,0.00630470087023096,"4","-",99336491,99353027,"ADH1C","alcohol dehydrogenase 1C (class I), gamma polypeptide [Source:HGNC Symbol;Acc:HGNC:251]","4:99336491-99353027"
"ENSG00000151012",1293.66,1293.66,315.817,2271.502,-2.847,0.139,0.689922117078166,-4.12690207131215,3.67682873496893e-05,0.0135326649177041,"4","-",138164096,138242349,"SLC7A11","solute carrier family 7 member 11 [Source:HGNC Symbol;Acc:HGNC:11059]","4:138164096-138242349"
"ENSG00000248810",149.211,149.211,294.389,4.033,6.193,73.173,1.31485525451185,4.71020680562671,2.47465559557627e-06,0.00228942228704117,"4","-",141319449,141323562,"LINC02432","long intergenic non-protein coding RNA 2432 [Source:HGNC Symbol;Acc:HGNC:53363]","4:141319449-141323562"
"ENSG00000154162",23.757,23.757,1.073,46.441,-5.443,0.023,1.34817949405813,-4.03748886043602,5.40264093740592e-05,0.0171730309433089,"5","-",21750672,22853341,"CDH12","cadherin 12 [Source:HGNC Symbol;Acc:HGNC:1751]","5:21750672-22853341"
"ENSG00000164171",1401.682,1401.682,2636.572,166.791,3.983,15.812,1.07538108268458,3.70371787647199,0.00021246253854384,0.045482159143992,"5","+",52989325,53094779,"ITGA2","integrin subunit alpha 2 [Source:HGNC Symbol;Acc:HGNC:6137]","5:52989325-53094779"
"ENSG00000262576",176.633,176.633,340.771,12.494,4.772,27.315,1.28258982494959,3.72029117684446,0.000198993220537938,0.0438036756700858,"5","+",141355024,141512979,"PCDHGA4","protocadherin gamma subfamily A, 4 [Source:HGNC Symbol;Acc:HGNC:8702]","5:141355024-141512979"
"ENSG00000156475",78.521,78.521,2.15,154.893,-6.148,0.014,1.46683133583542,-4.19167590490263,2.76901370963313e-05,0.010960592191395,"5","-",146581145,146878642,"PPP2R2B","protein phosphatase 2 regulatory subunit Bbeta [Source:HGNC Symbol;Acc:HGNC:9305]","5:146581145-146878642"
"ENSG00000135074",188.106,188.106,284.339,91.873,1.631,3.098,0.413873071373512,3.94112619301842,8.10999437780412e-05,0.0229918340610747,"5","-",157395533,157575775,"ADAM19","ADAM metallopeptidase domain 19 [Source:HGNC Symbol;Acc:HGNC:197]","5:157395533-157575775"
"ENSG00000094755",5196.456,5196.456,10360.343,32.569,8.314,318.208,1.50913685553265,5.5089944258825,3.60889332899501e-08,0.000108158533069981,"5","+",170763349,170797521,"GABRP","gamma-aminobutyric acid type A receptor pi subunit [Source:HGNC Symbol;Acc:HGNC:4089]","5:170763349-170797521"
"ENSG00000146063",1091.867,1091.867,1351.873,831.86,0.7,1.624,0.132453611613246,5.28333037735802,1.26856319159593e-07,0.000241938065422645,"5","+",181222498,181234326,"TRIM41","tripartite motif containing 41 [Source:HGNC Symbol;Acc:HGNC:19013]","5:181222498-181234326"
"ENSG00000272279",12.353,12.353,21.652,3.054,2.824,7.08,0.703480735148854,4.01409958165971,5.96731512128175e-05,0.0184049808712138,"6","-",1528363,1528911,"AL512329.2","","6:1528363-1528911"
"ENSG00000204544",6.642,6.642,0,13.283,-6.069,0.015,1.50798871075774,-4.02462922420381,5.706515233032e-05,0.0178682064289221,"6","+",30983717,30988637,"MUC21","mucin 21, cell surface associated [Source:HGNC Symbol;Acc:HGNC:21661]","6:30983717-30988637"
"ENSG00000204386",3230.926,3230.926,2155.013,4306.84,-0.999,0.5,0.237847559321903,-4.20020430972699,2.66674230786638e-05,0.0107587667070632,"6","-",31857658,31862796,"NEU1","neuraminidase 1 [Source:HGNC Symbol;Acc:HGNC:7758]","6:31857658-31862796"
"ENSG00000171243",39.194,39.194,2.113,76.275,-5.113,0.029,1.24018028195475,-4.12288349708999,3.74158962137091e-05,0.0135335877011621,"7","-",16461480,16465849,"SOSTDC1","sclerostin domain containing 1 [Source:HGNC Symbol;Acc:HGNC:21748]","7:16461480-16465849"
"ENSG00000146674",22994.48,22994.48,41546.991,4441.969,3.225,9.353,0.863800832040995,3.73403549203637,0.000188435921922328,0.0420552894256225,"7","-",45912244,45921272,"IGFBP3","insulin like growth factor binding protein 3 [Source:HGNC Symbol;Acc:HGNC:5472]","7:45912244-45921272"
"ENSG00000132432",21087.35,21087.35,39611.645,2563.055,3.95,15.455,0.939929377389725,4.20243205702722,2.64062518331747e-05,0.0107587667070632,"7","-",54752249,54759246,"SEC61G","Sec61 translocon gamma subunit [Source:HGNC Symbol;Acc:HGNC:18277]","7:54752249-54759246"
"ENSG00000146648",31998.491,31998.491,63218.889,778.094,6.344,81.248,1.45669220354124,4.35524937816557,1.32915512262782e-05,0.00721056026592173,"7","+",55019020,55203076,"EGFR","epidermal growth factor receptor [Source:HGNC Symbol;Acc:HGNC:3236]","7:55019020-55203076"
"ENSG00000224057",143.178,143.178,286.357,0,24.725,27727633.092,3.02645106579425,8.16957571620375,3.09475906749983e-16,3.24624752385395e-12,"7","-",55179749,55188934,"EGFR-AS1","EGFR antisense RNA 1 [Source:HGNC Symbol;Acc:HGNC:40207]","7:55179749-55188934"
"ENSG00000170379",125.883,125.883,229.853,21.914,3.388,10.467,0.699390818668575,4.84385354336024,1.27344814808831e-06,0.00154888914540522,"7","+",143620949,143725083,"TCAF2","TRPM8 channel associated factor 2 [Source:HGNC Symbol;Acc:HGNC:26878]","7:143620949-143725083"
"ENSG00000159860",23.845,23.845,44.321,3.369,3.709,13.08,0.942686940711657,3.93478121631918,8.32725163892872e-05,0.0232929882844114,"7","+",143800731,143817973,"TCAF2P1","TRPM8 channel associated factor 2 pseudogene 1 [Source:HGNC Symbol;Acc:HGNC:33603]","7:143800731-143817973"
"ENSG00000181433",123.65,123.65,245.954,1.346,7.463,176.472,1.54778100830224,4.82193147146038,1.42174793517742e-06,0.00154888914540522,"X","+",135889204,135913060,"SAGE1","sarcoma antigen 1 [Source:HGNC Symbol;Acc:HGNC:30369]","X:135889204-135913060"
"ENSG00000102241",2806.385,2806.385,2116.348,3496.422,-0.724,0.605,0.174601716362278,-4.14742342021859,3.36237881074139e-05,0.0126560677632473,"X","+",136497078,136512342,"HTATSF1","HIV-1 Tat specific factor 1 [Source:HGNC Symbol;Acc:HGNC:5276]","X:136497078-136512342"
"ENSG00000102032",200.112,200.112,58.332,341.893,-2.552,0.171,0.625693274857919,-4.07842936027375,4.53409741301573e-05,0.0153420692947834,"X","-",153935262,153944691,"RENBP","renin binding protein [Source:HGNC Symbol;Acc:HGNC:9959]","X:153935262-153944691"
"ENSG00000104490",3687.439,3687.439,6518.339,856.538,2.928,7.61,0.580054681757759,5.04747128417635,4.47696034419497e-07,0.000722478085083586,"8","-",101686726,101790961,"NCALD","neurocalcin delta [Source:HGNC Symbol;Acc:HGNC:7655]","8:101686726-101790961"
"ENSG00000172159",62.167,62.167,103.135,21.199,2.286,4.877,0.588605319850016,3.88393281139028,0.000102780320760823,0.0261631707835826,"9","-",83242989,83267287,"FRMD3","FERM domain containing 3 [Source:HGNC Symbol;Acc:HGNC:24125]","9:83242989-83267287"
"ENSG00000148346",44559.472,44559.472,8062.054,81056.89,-3.33,0.099,0.89629547313713,-3.71499717937141,0.000203205961126426,0.043949050087333,"9","+",128149070,128153133,"LCN2","lipocalin 2 [Source:HGNC Symbol;Acc:HGNC:6526]","9:128149070-128153133"
"ENSG00000187796",262.52,262.52,58.045,466.995,-3.009,0.124,0.743610541787087,-4.04623249348046,5.20485409774328e-05,0.0167988667871625,"9","-",136361902,136373644,"CARD9","caspase recruitment domain family member 9 [Source:HGNC Symbol;Acc:HGNC:16391]","9:136361902-136373644"
"ENSG00000198113",547.162,547.162,133.861,960.463,-2.841,0.14,0.455582489793789,-6.23697972981047,4.46099767139645e-10,2.33968175370565e-06,"9","+",137277748,137282641,"TOR4A","torsin family 4 member A [Source:HGNC Symbol;Acc:HGNC:25981]","9:137277748-137282641"
"ENSG00000176971",12.371,12.371,1.117,23.626,-4.433,0.046,1.13581550056307,-3.90333993527571,9.48743027786799e-05,0.0255175384358196,"11","+",26994183,26996121,"FIBIN","fin bud initiation factor homolog (zebrafish) [Source:HGNC Symbol;Acc:HGNC:33747]","11:26994183-26996121"
"ENSG00000137501",487.563,487.563,901.978,73.149,3.625,12.336,0.910113913743572,3.98280500942889,6.81066329216972e-05,0.020124071155835,"11","-",85694223,85811159,"SYTL2","synaptotagmin like 2 [Source:HGNC Symbol;Acc:HGNC:15585]","11:85694223-85811159"
"ENSG00000109861",3680.229,3680.229,1114.781,6245.678,-2.486,0.179,0.570188537527379,-4.35995784114872,1.30087504336479e-05,0.00721056026592173,"11","-",88293591,88337787,"CTSC","cathepsin C [Source:HGNC Symbol;Acc:HGNC:2528]","11:88293591-88337787"
"ENSG00000109906",135.762,135.762,269.694,1.83,7.187,145.74,1.53478097277263,4.6829206757404,2.82815979925475e-06,0.00238532114638773,"11","+",114059592,114250676,"ZBTB16","zinc finger and BTB domain containing 16 [Source:HGNC Symbol;Acc:HGNC:12930]","11:114059592-114250676"
"ENSG00000183049",1556.353,1556.353,2726.319,386.387,2.819,7.055,0.665412934883644,4.2358441564134,2.27694663616706e-05,0.00974858438370382,"10","+",12349481,12835545,"CAMK1D","calcium/calmodulin dependent protein kinase ID [Source:HGNC Symbol;Acc:HGNC:19341]","10:12349481-12835545"
"ENSG00000239665",348.814,348.814,587.537,110.091,2.415,5.333,0.657971524920593,3.67032054615894,0.000242246491567169,0.0498244033979181,"10","+",13631142,13644984,"AL157392.3","","10:13631142-13644984"
"ENSG00000152465",445.096,445.096,671.352,218.839,1.617,3.067,0.38155989064534,4.23684691916157,2.26680568290944e-05,0.00974858438370382,"10","-",15102583,15109828,"NMT2","N-myristoyltransferase 2 [Source:HGNC Symbol;Acc:HGNC:7858]","10:15102583-15109828"
"ENSG00000138316",132.866,132.866,231.723,34.009,2.768,6.81,0.646201373459037,4.28282073459615,1.84538845534212e-05,0.00841617487057006,"10","+",70672802,70762441,"ADAMTS14","ADAM metallopeptidase with thrombospondin type 1 motif 14 [Source:HGNC Symbol;Acc:HGNC:14899]","10:70672802-70762441"
"ENSG00000134548",295.264,295.264,17.635,572.893,-5.026,0.031,1.04192019423787,-4.82366977702582,1.40940689999807e-06,0.00154888914540522,"12","+",21526306,21532947,"SPX","spexin hormone [Source:HGNC Symbol;Acc:HGNC:28139]","12:21526306-21532947"
"ENSG00000123095",3010.867,3010.867,1063.738,4957.996,-2.221,0.215,0.558278792074825,-3.97785842332856,6.95387537394702e-05,0.0202618543708381,"12","-",26120025,26125127,"BHLHE41","basic helix-loop-helix family member e41 [Source:HGNC Symbol;Acc:HGNC:16617]","12:26120025-26125127"
"ENSG00000170477",172.91,172.91,1.589,344.231,-7.696,0.005,1.38416917011589,-5.56011431788422,2.69598000453711e-08,9.426494085864e-05,"12","-",52806548,52814551,"KRT4","keratin 4 [Source:HGNC Symbol;Acc:HGNC:6441]","12:52806548-52814551"
"ENSG00000135502",66.52,66.52,130.246,2.793,5.513,45.675,1.2448255703313,4.42899599016176,9.46727829528977e-06,0.00625045081296988,"12","+",57619526,57626140,"SLC26A10","solute carrier family 26 member 10 [Source:HGNC Symbol;Acc:HGNC:14470]","12:57619526-57626140"
"ENSG00000135114",334.192,334.192,81.384,586.999,-2.852,0.139,0.645421197373575,-4.41857414735002,9.93541949084804e-06,0.00630470087023096,"12","-",121019110,121039242,"OASL","2'-5'-oligoadenylate synthetase like [Source:HGNC Symbol;Acc:HGNC:8090]","12:121019110-121039242"
"ENSG00000120693",73.985,73.985,115.614,32.355,1.829,3.553,0.378167290175839,4.83667758602885,1.32027318969648e-06,0.00154888914540522,"13","-",36844830,36879829,"SMAD9","SMAD family member 9 [Source:HGNC Symbol;Acc:HGNC:6774]","13:36844830-36879829"
"ENSG00000021645",138.498,138.498,235.139,41.857,2.495,5.638,0.463186419348915,5.38679839979653,7.1723806065166e-08,0.00018808671593014,"14","+",78170372,79862033,"NRXN3","neurexin 3 [Source:HGNC Symbol;Acc:HGNC:8010]","14:78170372-79862033"
"ENSG00000258590",16.539,16.539,32.193,0.885,5.178,36.197,1.40725160908964,3.67937850898906,0.000233803038211222,0.0490495393863322,"15","-",20657637,20688408,"NBEAP1","neurobeachin pseudogene 1 [Source:HGNC Symbol;Acc:HGNC:1007]","15:20657637-20688408"
"ENSG00000169857",277.571,277.571,179.714,375.428,-1.062,0.479,0.245825587408719,-4.32082495049915,1.5544695599244e-05,0.00758400392968696,"15","-",33866226,34039176,"AVEN","apoptosis and caspase activation inhibitor [Source:HGNC Symbol;Acc:HGNC:13509]","15:33866226-34039176"
"ENSG00000104131",1978.615,1978.615,1236.113,2721.118,-1.138,0.454,0.255569579354992,-4.45300446860705,8.4676991591525e-06,0.00592146202199534,"15","+",44537056,44562803,"EIF3J","eukaryotic translation initiation factor 3 subunit J [Source:HGNC Symbol;Acc:HGNC:3270]","15:44537056-44562803"
"ENSG00000140297",132.755,132.755,30.486,235.024,-2.946,0.13,0.782922446560882,-3.76309881765595,0.000167820850040473,0.0382686262282509,"15","+",59594874,59618222,"GCNT3","glucosaminyl (N-acetyl) transferase 3, mucin type [Source:HGNC Symbol;Acc:HGNC:4205]","15:59594874-59618222"
"ENSG00000140374",2118.9,2118.9,1553.46,2684.339,-0.789,0.579,0.204956112740911,-3.84840687488925,0.000118888475119969,0.0290018758086258,"15","-",76215354,76311469,"ETFA","electron transfer flavoprotein alpha subunit [Source:HGNC Symbol;Acc:HGNC:3481]","15:76215354-76311469"
"ENSG00000136383",330.748,330.748,55.59,605.905,-3.45,0.092,0.797789335295578,-4.32407731337207,1.53171576861977e-05,0.00758400392968696,"15","+",84816679,84873482,"ALPK3","alpha kinase 3 [Source:HGNC Symbol;Acc:HGNC:17574]","15:84816679-84873482"
"ENSG00000076344",93.28,93.28,171.728,14.832,3.526,11.517,0.809880957140151,4.35339640968648,1.34044449387934e-05,0.00721056026592173,"16","-",268300,275929,"RGS11","regulator of G protein signaling 11 [Source:HGNC Symbol;Acc:HGNC:9993]","16:268300-275929"
"ENSG00000184697",541.206,541.206,52.711,1029.701,-4.289,0.051,0.890795543850253,-4.81437551838758,1.4766091285621e-06,0.00154888914540522,"16","-",3014711,3020071,"CLDN6","claudin 6 [Source:HGNC Symbol;Acc:HGNC:2048]","16:3014711-3020071"
"ENSG00000196470",694.115,694.115,454.041,934.189,-1.04,0.486,0.267889950611105,-3.88221257702545,0.000103510328187109,0.0261631707835826,"16","-",48356363,48361792,"SIAH1","siah E3 ubiquitin protein ligase 1 [Source:HGNC Symbol;Acc:HGNC:10857]","16:48356363-48361792"
"ENSG00000157368",39.114,39.114,7.018,71.21,-3.324,0.1,0.808951690454027,-4.10842992706503,3.9835802987076e-05,0.0141646662858622,"16","+",70579894,70660682,"IL34","interleukin 34 [Source:HGNC Symbol;Acc:HGNC:28529]","16:70579894-70660682"
"ENSG00000167100",15.536,15.536,26.64,4.432,2.586,6.004,0.501078051558326,5.16069340772337,2.46036830642541e-07,0.000430133889170823,"17","-",50110039,50129822,"SAMD14","sterile alpha motif domain containing 14 [Source:HGNC Symbol;Acc:HGNC:27312]","17:50110039-50129822"
"ENSG00000173838",86.28,86.28,160.674,11.885,3.742,13.377,0.863465993901891,4.33337833326525,1.46838445935284e-05,0.00751347257872275,"17","-",62701313,62703432,"MARCH10","membrane associated ring-CH-type finger 10 [Source:HGNC Symbol;Acc:HGNC:26655]","17:62701313-62703432"
"ENSG00000109089",2173.287,2173.287,1113.478,3233.095,-1.538,0.344,0.350975467869015,-4.38159412328605,1.17814127943251e-05,0.00706177882891849,"17","+",74987631,75005800,"CDR2L","cerebellar degeneration related protein 2 like [Source:HGNC Symbol;Acc:HGNC:29999]","17:74987631-75005800"
"ENSG00000182612",148.003,148.003,236.318,59.689,1.982,3.951,0.515500284906598,3.84537919140559,0.000120366156158015,0.0290248458625173,"17","+",81637170,81639177,"TSPAN10","tetraspanin 10 [Source:HGNC Symbol;Acc:HGNC:29942]","17:81637170-81639177"
"ENSG00000198183",660.445,660.445,0,1320.891,-25.751,0,3.02623403340045,-8.50940460803861,1.74828758065864e-17,3.66773251546377e-13,"20","+",33235994,33243311,"BPIFA1","BPI fold containing family A member 1 [Source:HGNC Symbol;Acc:HGNC:15749]","20:33235994-33243311"
"ENSG00000132821",203.741,203.741,10.221,397.26,-5.284,0.026,1.18602486434627,-4.45522242712649,8.3806261501606e-06,0.00592146202199534,"20","+",37903103,37945350,"VSTM2L","V-set and transmembrane domain containing 2 like [Source:HGNC Symbol;Acc:HGNC:16096]","20:37903103-37945350"
"ENSG00000075043",161.947,161.947,322.569,1.325,7.904,239.555,1.47890497407279,5.34463912356288,9.05973688970087e-08,0.000190064220209034,"20","-",63400209,63472677,"KCNQ2","potassium voltage-gated channel subfamily Q member 2 [Source:HGNC Symbol;Acc:HGNC:6296]","20:63400209-63472677"
"ENSG00000116014",67.571,67.571,109.973,25.169,2.117,4.338,0.515936251521556,4.10339517147918,4.07130968430823e-05,0.0142353343111837,"19","+",917286,919536,"KISS1R","KISS1 receptor [Source:HGNC Symbol;Acc:HGNC:4510]","19:917286-919536"
"ENSG00000224689",148.119,148.119,278.966,17.272,4.017,16.194,1.036264076121,3.87679570086163,0.000105841157699825,0.0264338291355312,"19","-",9689923,9700776,"ZNF812P","zinc finger protein 812, pseudogene [Source:HGNC Symbol;Acc:HGNC:33242]","19:9689923-9700776"
"ENSG00000105376",478.067,478.067,802.452,153.683,2.384,5.22,0.602946312306643,3.95381396749031,7.69152203795705e-05,0.0221041699773015,"19","+",10289980,10296778,"ICAM5","intercellular adhesion molecule 5 [Source:HGNC Symbol;Acc:HGNC:5348]","19:10289980-10296778"
"ENSG00000105143",14.141,14.141,28.283,0,7.412,170.282,1.6988901938663,4.36271807890908,1.28456432836923e-05,0.00721056026592173,"19","-",14950033,15010620,"SLC1A6","solute carrier family 1 member 6 [Source:HGNC Symbol;Acc:HGNC:10944]","19:14950033-15010620"
"ENSG00000004777",746.233,746.233,1175.167,317.3,1.888,3.702,0.466438378164428,4.04870467960672,5.15018821054756e-05,0.0167988667871625,"19","+",35774531,35778549,"ARHGAP33","Rho GTPase activating protein 33 [Source:HGNC Symbol;Acc:HGNC:23085]","19:35774531-35778549"
"ENSG00000105329",763.523,763.523,1316.565,210.48,2.644,6.251,0.720888624575856,3.66766534570348,0.00024477526182699,0.0498557302705672,"19","-",41301586,41342030,"TGFB1","transforming growth factor beta 1 [Source:HGNC Symbol;Acc:HGNC:11766]","19:41301586-41342030"
"ENSG00000086548",604.58,604.58,12.139,1197.022,-6.624,0.01,1.6928727668643,-3.91278210476152,9.12388551395501e-05,0.0248584408048392,"19","+",41750976,41756635,"CEACAM6","carcinoembryonic antigen related cell adhesion molecule 6 [Source:HGNC Symbol;Acc:HGNC:1818]","19:41750976-41756635"
"ENSG00000275719",45.781,45.781,23.779,67.783,-1.516,0.35,0.352295635964981,-4.30234016852925,1.69003578048339e-05,0.00787894680861357,"19","+",46787814,46789043,"AC008622.2","","19:46787814-46789043"
"ENSG00000022556",557.609,557.609,1113.031,2.188,8.986,507.019,2.40417632330247,3.73761955665901,0.000185770760196303,0.0419062879371853,"19","+",54953129,54981639,"NLRP2","NLR family pyrin domain containing 2 [Source:HGNC Symbol;Acc:HGNC:22948]","19:54953129-54981639"
"ENSG00000105146",225.144,225.144,441.485,8.803,5.649,50.163,1.30963380449008,4.31307261881889,1.61001206194255e-05,0.00767646432897561,"19","+",57230801,57235547,"AURKC","aurora kinase C [Source:HGNC Symbol;Acc:HGNC:11391]","19:57230801-57235547"
"ENSG00000229129",16.229,16.229,1.044,31.414,-4.907,0.033,1.30201057995922,-3.76844687622077,0.000164266434384774,0.0378697310654744,"Y","-",17757000,17758125,"ACTG1P2","actin gamma 1 pseudogene 2 [Source:HGNC Symbol;Acc:HGNC:147]","Y:17757000-17758125"
"ENSG00000166897",70.979,70.979,136.555,5.403,4.662,25.318,0.944142783686235,4.93790072124607,7.89680235350803e-07,0.00110444677716163,"22","-",37367959,37427470,"ELFN2","extracellular leucine rich repeat and fibronectin type III domain containing 2 [Source:HGNC Symbol;Acc:HGNC:29396]","22:37367959-37427470"
"ENSG00000215386",46.558,46.558,3.94,89.175,-4.535,0.043,1.11978422864053,-4.04976987137519,5.12680242387085e-05,0.0167988667871625,"21","+",16070521,16487508,"MIR99AHG","mir-99a-let-7c cluster host gene [Source:HGNC Symbol;Acc:HGNC:1274]","21:16070521-16487508"
"ENSG00000142173",2775.438,2775.438,5186.306,364.569,3.831,14.227,0.923849510911203,4.14633938061691,3.37832973326588e-05,0.0126560677632473,"21","+",46098096,46132849,"COL6A2","collagen type VI alpha 2 chain [Source:HGNC Symbol;Acc:HGNC:2212]","21:46098096-46132849"
